"id","name","fileurl"
"117645714","guia","42ab155b-95ba-4ceb-87c9-635f34f392f1"
"117488834","2009-eve-paluz","927e4520-2a65-4505-8655-92c9fe579567"
"120321393","2019080005","340e5356-f9f7-4563-a4ae-fd50bf455281"
"118571188","v7-1-suplemento","af8f3b4f-2e83-433c-a281-6866fc092b3d"
"118182133","Enfermagem-Lista-de-classificados-e-selecionados-para-2a-etapa-Analise-curricular","80a2bfcb-c9c7-4723-85c1-6ade8bb59492"
"117167570","455972","2030a461-c357-4c5a-8969-fb9a90ffc090"
"117638775","Prova Agência Brasileira de Desenvolvimento Industrial - Instituto Quadrix de Responsabilidade Social - 2012 - para Especialista - Administrativo e Financeiro.pdf","28480cd6-183f-42f1-8b5f-419e0b6868fc"
"117268848","aps15","6beb9faa-716c-45cb-8627-14046957f56f"
"120921839","ApAndice-F","71310008-b60c-4360-8890-362b7fad99a9"
"120321011","20200917-DissertaAAúo-Unidades-curtas-merged-vfinal","0a413565-439d-45bb-b095-6b2395374dd8"
"118036264","Defendendo-campesinato","b4bffdcf-2d4a-4f96-9f3e-7c64260811a4"
"117257299","ADaula07","6bea2ff5-d00b-4295-afe7-cee67b44de67"
"117652911","Prova Secretaria de Educação do Estado do Ceará - Secretaria de Estado de Educação do Cear - 2016 - para Professor - Língua Espanhola.pdf","5cf8546d-778e-487f-af5b-acd8ead6a3ce"
"117415630","2004-art-pjccarrasco","d2ebb813-9281-40b4-ac12-858d1a6ac37f"
"117797018","Paper003","3c015140-aa5a-4ad6-ba33-c20d635f4350"
"118632986","2015-LudmilaGaudadSardinhaCarneiro","62c0c04b-10b3-4088-8da6-5f2437e99647"
"121111605","R---D---GUILHERME-ALEXANDRE-TOMBOLO","e4dccc56-2f5b-4738-b156-46bcf703b349"
"118533180","2008-BivianRojasGarzon","c7fac01a-ff4f-4963-adfb-34076c5002e9"
"117654262","InfecAAÁes-e-Uso-Racional-de-ATB-em-ObstetrAcia","190a745d-9509-49b4-a999-d037d905ea5f"
"117796340","OpiniAúo-PAblica-vol--27-n--1","68e58910-d52e-4ce3-8d02-450da37e7387"
"117250397","844346","3262e558-ae48-4b04-a152-1d90ccecf023"
"117582851","AC1","cd0bea86-5c67-4474-8ea3-f460b18f69e8"
"117808803","sbcars2007-proc-final","9cd0c8b3-207d-428e-a150-890df205d532"
"117678013","Prova SEDUCPE - IPAD - 2006 - para Professor de Espanhol.pdf","8cf8044a-26a3-4fd1-9258-992fde752f02"
"117962524","Claudecir-Goncales","953ede59-9f46-45f5-8343-43360bda6479"
"118225426","palestra4","4be14058-970f-4902-ad4e-dae8305214ab"
"120149778","tese-carolina-ferreira-12-07-12","05bfaa05-9eda-4863-934b-fcd712435077"
"117355438","Holmberg-1887-Viajes-a-Misiones","59c66d6f-546f-4c6d-8cdf-1c1c17fbd13f"
"119027398","2009-ElisaSoaresRochaBarbosa","debe0dfd-765d-4090-a9a5-0c3084b9e8c9"
"121744207","PARADIGMA-40-anos","15511f6d-c518-4b35-b374-0b2e731c89e3"
"119428482","ARTIGO-CohorteAncianosInstitucionalizados","a5b80609-51f8-4025-a68e-441af399b142"
"117682485","Prova Instituto Federal de Educação, Ciência e Tecnologia - Rio Grande do Norte - Comperve - 2010 - para Professor - Língua Espanhola.pdf","60ac6c03-fe01-48eb-86bd-a5f00dde53b1"
"117630504","Prova Prefeitura Municipal de Matias Olímpio - Fundação Cajuína - PI - 2010 - para Analista de redes e comunicação de dados.pdf","32f39fbc-2d3c-4939-a718-dca9eedd6aea"
"118375492","i-congresso-envelhecimento-ativo-","218ab2c1-72a4-451a-b929-57835accfdbd"
"117592353","aula-MRP-P2-MLG-1S-2016","e66aec62-da15-48d2-8ba5-53d9d211d785"
"117807434","Revista-17---artigo-5","39eb0c1f-5c18-4157-a7a9-c97664b61f22"
"121689517","Anais-eCICT-2017","9c9330ee-5c1d-4879-b16e-1ab966e5e187"
"119036312","2013-FabianaMongeliPeneireiro","4e5cf57a-8cef-47a6-a45c-76a1adef6f8c"
"118378819","ler-althusser-ebook","236e648c-b7aa-46ef-a6e5-9ef29708bb5f"
"118143446","2021-tese-ecavsemedo","5b9d351a-e699-49bb-9eff-ecb94912e56c"
"118794170","2021-SamanthaAlvesDeOliveira-tcc","2f3c0d63-da71-4357-a4ba-1bd9380f8936"
"117478060","monopoli10026618","a20f5279-319a-4496-af46-fd580cf339b9"
"122484512","110-19","bbc4df94-c783-4df0-bac7-fcec040ae7d6"
"117152570","36-Contraste-entre-los-determinantes-de-la-inversion-en-ID-y-del-registro-de-patentes-en-sectores-industriales-de-Colombia","592a98b5-f222-4886-96f6-b64086ee6c68"
"117886783","actualidad-reforma-2018","a73666aa-3525-4dcd-bfeb-a2d42710dd9e"
"117767381","mc542-C-07-2s07","ad6c37ae-3e7e-4c95-a2fb-475c00f67d8f"
"118865315","TF10-029-29","7966966d-448e-4285-a085-a05c622b695a"
"120828246","Tese-Ana-Paula-de-Araujo-Lopez-versAúo-final-agosto-corrigida","84fea497-9d73-4baf-8144-531ecf3b0d4d"
"120790364","programa-estr-soc-2021-01-final","7858babc-05e4-4ea8-b166-bdfc268d272d"
"117895043","2018-art-ncmacielbfalima","18349a3f-9085-4946-9212-19d294dea65b"
"117898545","2018-tcc-lcaoliveira","dca95c16-5835-46b2-8e37-bdab508f30cc"
"117058947","anais-vii-seminAírio-de-pesquisa","f3f08d4f-2eb3-4b3e-b259-32801979e387"
"118864551","TESE-2008-FrancineyCDeFranAa","58b401b4-a5d2-4ca3-af21-2fe34b659094"
"119951413","RT-SE-2009","dded86a2-21a9-4aa2-9ebe-0044bf57c20f"
"117607783","Entropy-de-Pynchon","46119c7e-b3a5-4cc3-b66b-a8d3432c04b7"
"118378803","La-cultura-latinoamericana-en-los-procesos-de-integracion-continental-Luis-Ayerbe-Rafael-Molina-Ignacio-Nunez","ae7a6b73-39f1-4c98-80d0-9981c910220d"
"120333017","aula12-13-mantel","5622974c-1b00-47f0-ba00-03cd1501204c"
"120452157","El-placer-por","58bf426c-8c96-45fd-8e80-99ff086dbe2e"
"119398268","2019-ThiagoLuisdosSantosPinto","e88eae65-5370-4fd0-abd8-6f439ed8b3b8"
"121729708","Globallocalhotelaria-Barros-2022","9f3d3473-42e0-4a78-970a-3f38de67cb34"
"118379019","libro-comunicacion-conflictos-y-cambio-social-2015-uji-unesp-ufro-congde","3b2c9709-f83e-4bdd-a97f-dd40f85a423b"
"120792311","resposta-de-c-lulas-trofobl-sticas-bovinas---infec--o-por-brucella-abortus--uma-abordagem-prote-mica","7d30dd6e-e90c-448e-94a1-7dd45362e7bf"
"118865507","VESTUNB102-001-2-OCASO","8c50a6a3-5326-42e9-a323-2cc3f6d14c09"
"120776493","O-direito-a-cidade-50-anos-depois","49ec2685-7b53-43a4-91c3-770f537ac912"
"117306520","DESidades28","c4f45e85-68f5-425f-83f9-db93acda0143"
"122200555","Poiesis-15-CriticaArte","075e66d1-f0ac-43f3-9e6b-62a9df1129a0"
"117352386","giesteiraygodall12","e1cc09d5-115d-42d6-842d-2ef3e73dd595"
"118182285","Establecimiento-de-un-indicador-de-calidad-de-atencion-farmaceutica","a6ad9f1d-a4a9-403f-bc6d-6f2d79797530"
"118633037","2015-LucyanaBertosodeVasconcelosFreire","1f632d51-d1d1-4349-9c52-c88280ff0da9"
"119162460","2016-RosanaGonAalvesdaSilva","2170225b-7901-4625-b4c1-fcaa4293944c"
"117378045","Luiz-Gustavo-Silva-de-Oliveira","cde45cb2-c02d-4df2-8507-0a8ac31941b2"
"117586536","-Ata-PregAúo-064-2014-","5779823b-2bc1-4270-aa7d-3abc6b336b8f"
"117894994","2018-art-mmvianatanunes","e61eb8f5-1b12-432c-be56-826355910b04"
"120584600","HETEROGENEIDADE-ENUNCIATIVA--GESTAãÆO-DE-VOZES-E-ORIENTAAÔÇíAãÆO-ARGUMENTATIVA-NO-RELATORIO-DA-COMISSAãÆO-NACIONAL-DA-VERDADE-DO-BRASIL","769eeaeb-88f9-480b-afe6-ef4b81c6fc7b"
"117026264","ebook-guia-de-servicos-rede-de-apoio-e-protecao","1dac5211-a11d-4f30-8b1e-5e67c2491291"
"117345346","EEAN-D-IlmaPastanaFerreira","e53c26e7-8d70-4859-9589-767d1e76e37e"
"117556590","06-wise","061ee8e4-50ab-4d16-b944-19d582ed501b"
"117561622","1872","a10dea43-7e8b-4f7e-acb4-e5e46f2d72ec"
"120777221","paulo","a49dbd94-c25f-437a-a390-696e16d80739"
"117845984","01pauta30012013","ffeaf8e5-a992-452f-9d4c-22fc28a7a70b"
"117878099","000813391","d0ff0824-0811-474b-a1cc-4672bb059267"
"118544923","serie-estudos-literarios-n15","28525874-f3ab-44a4-b66a-c987e810c2fe"
"122441391","2164","70a67875-a84c-443e-b8b6-c4938f4d0500"
"119417371","2021-ThiagoDutraHollandadeRezende","977165ed-4d0a-4cb1-9cf4-59bb46cf01d1"
"118812655","ANAIS-IER-Coloquio","c43c563e-25a2-4284-857d-b875c134b7f7"
"118051923","espaol---cartilha","1e14e5d7-0a19-4e00-a379-807131ec9864"
"117889772","2017-artgo-lsborne","70041589-291b-47ee-a7d2-ad1a20761c8c"
"117913554","Anuario-2010-Sobre-periodo-2006-20071","4dfe7571-8d03-4651-b2d8-9e6477622358"
"118118209","2021-tcc-bkbvale","6d15279d-4cba-4a90-9bad-5346f53c509c"
"119637046","2019080005","340e5356-f9f7-4563-a4ae-fd50bf455281"
"117621961","Prova Agência Brasileira de Desenvolvimento Industrial - Instituto Quadrix de Responsabilidade Social - 2012 - para Nível Superior Iniciante Desenvolvimento de RH.pdf","ea29f25b-a5f4-4668-ae98-e4ad054e3bd0"
"117798480","portaria-spprev-259-2020","0960fab5-6aee-4c71-8a1b-dd47e0b1067e"
"119201683","2017-GuilhermedaCostaBrasil","9d8fbb70-eebc-472b-98f5-62ae5ea5b044"
"117305108","dissertpoli2122","c5df1eef-b8ef-4309-99ac-3fca1b4d03fc"
"117796335","opera","4265a0a2-4ca7-408f-ac3b-baa5ec325950"
"117796579","p62019","168c6334-e0b4-446d-ae51-3347cce5c132"
"117798834","professores-pendentes-de-preenchimento-da-10a-parcela","e1f0b8fa-6ed7-4a39-ab5d-a71489687421"
"117269808","Ata-da-565-Sessao-da-Congregacao-de-31-10-2019-COM-ANEXO-CLAC","20fa5c34-1f47-4f4e-9c55-19e952e55b52"
"117700541","Prova PRODEB - IDECAN - 2015 - para Analista de Tecnologia da Informação - Suporte - Produção do Data Center.pdf","58bb9b99-4e55-4059-9c8e-010b042c51b9"
"117797724","pauta-nona-reuniao-ordinaria-29novembro19-0","b8eb2460-f789-4907-9e4d-f3cf60e8e831"
"117599990","clases-sociales-y-movimientos-sociales-en-america-latina","1ae9be7c-4534-45b3-bdb2-3cc14e799e7e"
"120916172","4-RAMIRES--Danielle--A-categoria-vazia--PRONTO","a5b6600a-b5f5-4308-af59-c388ec495798"
"120150515","tese-doutorado-anelise-nogueira-completa","0184c7d6-6ba4-44b7-a609-2a3e54105b7f"
"119639033","anexo1","07adc1fb-a334-449c-b9fc-4eb7f0a78f7b"
"117808371","Revista-completa--vol-23-n-3","187e45cf-c97c-41da-a7c5-872fa210b72c"
"117723204","Prova Pref. São José do CedroSC - AMEOSC - 2016 - para Professor de Espanhol - Habilitado.pdf","4efe0675-5129-4553-b9fd-ae024c563fe2"
"120331310","ambientes-interativos","f5b952c8-e49e-4d32-bcbe-1faaf7486435"
"117491925","Python-I","c86f616f-3476-4e8d-9b53-a2117b1f876e"
"119036633","2013-Jean-ClaudeLucienMiroir","7c6ca4c1-7f6c-4723-b08e-ece56d545b66"
"120450755","Dos-matriarcas","7c11b784-9b70-4059-8efb-57496c4466e3"
"117420520","2007-eve-mralbertin-potencialidades","3ce591d5-3311-423a-81e5-7439114dc4fa"
"121742806","MotivacaoTrabalhoVoluntAírio-2012","2927cd1e-a8d5-4aba-9a74-914c68b2578b"
"117751668","Prova Pref. São Miguel do OesteSC - AMEOSC - 2015 - para Professor de Língua Espanhola.pdf","5112be6d-34fd-430d-9cf1-1a1bb1fb9e69"
"117751827","Prova IFSC - IFSC - 2010 - para Professor de Português Espanhol.pdf","9e1779ea-573e-4374-b8c6-4e48f81b0049"
"121743362","OHabitareoInabitual-E-book","82541a07-ca94-46fb-af09-1d6c32969b33"
"117958245","cap7","bdb5c92c-a459-43ae-8757-9b076a5a1ff6"
"121743929","OOlhardoResidente-Milito-Farias-MarquesJunior-2020","6ec7e09e-34a5-4584-824b-6770f48c62b3"
"118589560","2012-AnaLuciaSoaresMachado","f75cf65f-b5b7-4be7-9191-6209afa7120e"
"117058918","anais-do-vi-spe-e-ii-jic-unesa","bf69efd4-da46-4f35-8ce0-cd42cd00cddf"
"119950017","raquel-wolff-cabala","41f2fbee-4b5a-44a3-ab1f-54a46f707353"
"118081581","Geopolitca-de-la-integracion-latinoamericana-y-caribena-una-lectura-de-fin-de-milenio-Jaime-Coronado1","4df0dacf-bbec-4783-9b2f-be634523cf95"
"120331600","anexo1","07adc1fb-a334-449c-b9fc-4eb7f0a78f7b"
"117301616","CI-Ano-XX-n2-ago-dez-2006","22a12b5d-9cc1-4196-86d2-329902b236c1"
"117766932","materialismo-evolucionismo-3","3bcd4ccf-1c8d-496f-a906-ac041afda880"
"117502484","2013-art-alrfernandez","0ea26d73-b706-4c7e-9dbd-bd63abb69cc2"
"119162216","2016-JosA-LeonardoOliveiraLima","44ed2b5e-73c9-471d-8367-7f4040e22698"
"117586407","artigo9716monal","b08737b0-44aa-4ecc-8908-43859aa56136"
"117799752","QPBQ","c8b154d5-57b6-4b6a-abcc-773994082b5d"
"117807401","Revista-14---artigo-8","efd92c73-cec6-4c41-ae79-a968990a3f1b"
"117298734","Bicudo04","fb5011ba-c110-4157-b89b-fab0af9e995f"
"117745137","Prova Pref. São JoséSC - FEPESE - 2018 - para Professor de Espanhol.pdf","7dacaa29-89e1-4e53-89a1-f5f559d3ef29"
"117849439","6-santoja","d27af04f-6d60-4d09-a375-c9f136d88d52"
"122346775","1-1-Conterno-Julia","05b0b719-f508-4e55-9843-3e3f6fc6b0ab"
"118703529","2017-SimoneSouzaNascimento","c1932a2d-a5d9-4cb4-bb7a-f2422e4af63c"
"117797852","pendencias-26","8be0a12c-e9a9-4017-8e18-b31b783a5e00"
"117557813","22-artigos-cordabanma","2bf6f5db-e359-4fb5-be34-2ba74a28c33b"
"120185599","traducao2ed-site","ce80e134-3743-4099-882e-00641b7737eb"
"117251127","845077","34eea2ee-d50d-4877-9259-01795ab69c1e"
"118182323","Estrutura-curricular-Engenharia-de-Minas-2020-2","9df28c95-966b-4342-b6f4-e4d3b2273259"
"118860398","Patrick-Thomas-de-Aquino-Martins","96ddc627-8cc6-4405-8d27-518f74438df7"
"119972850","Solos-geomorfologia-para-periglacial-e-ornitogenese-na-Ilha-Snow-Antartica-Maritima","dcc26ae7-e136-41ec-993a-1f3b714bb51b"
"118147241","AgroecologAa-2-CTP-1","fb264c2c-7487-4051-9cae-41fd68cb3933"
"118712204","2018-FranciscaCarolineLopesdoNascimento","6ccc6c20-761f-46d7-891b-7563002ef524"
"119739386","Dos-matriarcas","7c11b784-9b70-4059-8efb-57496c4466e3"
"117798249","Politicas-publicas-e-iniciativas-de-apoio-as--PMEs-e-aos-empreendedores","78b5d9be-d446-40e1-a6b9-9c7802702ca0"
"117796991","Pando","0fb95614-6072-41b0-8585-a56889390a5b"
"117150445","3-7-SHIALCAlvarez-paper","e6c388fb-9f46-4d49-9fa2-07e75c20b33e"
"117256112","1453825212","e2a88b0c-1501-4f10-a282-b260f419fa1e"
"119736613","disserta--o---o-meio-ambiente-nos-tribunais-internacionais---final","356e4b8b-5df3-42a3-ac11-3732c321900f"
"118701553","2017-EliziAírioNoA-BoeiraToledo","12839912-cf87-4051-8f3f-7548af23825d"
"117251183","845119","ea5f7e0d-4173-4040-b975-2f39cb245167"
"117368669","K18-VictorAlbornoz","038e9fdd-ef09-4087-b6f8-e367417afb44"
"120331356","AMANDA-RAPOSO-DISSERTAAÔÇíAãÆO","d1fa3f00-7686-418c-a5af-d016b05b042e"
"120335364","D10A005","110af89e-8185-4ab4-bca9-095374659320"
"117107079","PRODINTELEC-ENGPRODUCAO-2011","c9b9a370-e2c0-446b-8e23-52dc075e3bae"
"117585392","arq-hp4","c9022788-a24f-43ae-a11c-b314690d0397"
"121742336","Mdulo-9-Parte-1---Bases-Fisiopatolgicas-das-Doenas-Metablicas-Obesidade-e-","d943ccf3-72ef-4f2b-b309-3d7601d8b72d"
"120333897","as-financas-do-governo-de-minas-esticando-a-corda-do-endividamento","04d7f307-04d9-4a22-90bc-a604569523e9"
"118571638","Org20demo20v11,n220_2010","b81fbab5-c4fc-4eb7-9181-3add9191aef3"
"117587113","ata-249-cepe","a45f9336-ece4-43fc-90db-c3cec767b5bf"
"120149883","tese-final-impressa---m-rcia-alemao--3-","b1efc8e4-0417-4c65-89aa-ee0a1face677"
"119396686","2019-HelcicleverBarrosdaSilvaVitoriano","d0bd95d8-3a44-4ec3-b488-7466c688026e"
"118592237","2013-Jean-ClaudeLucienMiroir","7c6ca4c1-7f6c-4723-b08e-ece56d545b66"
"117894653","anais-seminario-2012","2dfc6c68-8426-40f9-8eba-1fbf55390006"
"121841206","v02n03bagoas03","009858a2-a179-405c-be46-a634a7468c17"
"117890697","alvarez-eb-do","c1203540-e8e0-4560-b584-dbe8e0e78957"
"118713166","2018-GabrielaZamignan","64b0f1f2-84f2-4854-ac59-8dc38cd37327"
"120320727","5087481-40-2019-8-13-0024---p--12601-12700","fb277ce4-3754-44c5-8e47-a9cf77a48817"
"117252447","855967","ded49392-5576-41c9-b006-4d3272dd9202"
"120919957","ALVES,20I 20P ;20POZO,20J","7884455d-fab9-47d1-8aab-eba7952cb5ed"
"119769518","HETEROGENEIDADE-ENUNCIATIVA--GESTAãÆO-DE-VOZES-E-ORIENTAAÔÇíAãÆO-ARGUMENTATIVA-NO-RELATORIO-DA-COMISSAãÆO-NACIONAL-DA-VERDADE-DO-BRASIL","769eeaeb-88f9-480b-afe6-ef4b81c6fc7b"
"117490331","2011-art-gglmeneses","314f35a0-577a-4fb2-9a3c-2ce7417a7208"
"117494792","revista-dd-v-10-n-1","f7a4000d-8d45-4cb8-a8f1-6895f3a57985"
"117646870","Prova Secretaria de Estado da Educação e Esporte do Acre - FUNCAB - 2014 - para Professor - Língua Espanhola.pdf","c1d4362f-efc4-4a0e-a80f-09a35e3955f0"
"119644592","boris-tejeda-su-ol---disserta--o-ufmg","16a76aab-2982-4934-9e82-7a9d6300d048"
"117415357","2002-art-jcrcastro","a0446734-569e-4f02-a2f5-11b7e981fcd5"
"120451686","Edital-PROEX-no01-2022-Resultado-final","66beaa06-8bf5-4ffc-ad23-fe1c856ebdaf"
"117476181","monopoli10018225","5d22db35-2d70-4724-8ba0-a7288a17eb8d"
"119496671","LIVRO-TecnologiaAmbienteSustentabilidade","af78ed67-5033-4cc4-a6d1-e30a4c1e02b3"
"117590362","aula-AD-Ana-Multi-2S-2021","53e8fa1b-e9bf-464e-8aa6-35c77b6208f4"
"117306527","Desidades292","b6370564-2f5c-4670-b43e-c1b70801d53d"
"117766059","Prova FEAMRJ - SELECON - 2017 - para Anestesiologista - Plantonista e Rotina.pdf","cba51658-e4f7-40dd-bb82-5f74793b2c10"
"117345281","EEAN-M-TelmaMariaDaSilvaRocha","1a861f17-310e-42dc-a6f7-32bae6e29311"
"118545077","serie-temas-em-educacao-escolar-n23","d9c6fa58-3f21-40a4-8dce-90ca73ca5a58"
"117414544","2000-art-wbandriola","8a4ae8d0-ef0c-4c41-97b8-04451c5924a8"
"117499328","2012-art-fjstabosa","50f38358-ab91-44eb-801b-86f4a7fcaa81"
"117723735","Prova Pref. Rio de JaneiroRJ - Pref. Rio de JaneiroRJ - 2012 - para Professor I - Espanhol.pdf","d2ac5928-a296-4835-b35e-44fcbbcc7413"
"119499265","DA-boraSilva","f314d46c-8c26-43a2-a5bc-e6d15b3727cf"
"121697249","BrazilianversionChild-Guerra-2020","9fda9d15-7e2c-4ce5-a47b-0ccaea88fb26"
"119020133","2004-ArielMacedodeMendonAa","09400e97-86a2-4c3f-9fad-7ad4cf253a90"
"122151474","intrat","409bb4cd-0be9-4131-8301-99a54b90e077"
"117500294","TD-IE-018-2015-KUBRUSLY","cb04ab01-393e-4a60-aecb-61e23af04069"
"119018558","119INPI14-CBNS02-01","c55eb98d-4a87-4eba-a37f-4904cca88d5e"
"117737249","Prova Instituto Federal de Educação, Ciência e Tecnologia - Pernambuco - Instituto Federal de Educação, Ciência e Tecnologia - 2010 - para Professor - Língua Espanhola.pdf","a1bf7999-c175-4528-b554-74d3e05d1183"
"119637051","5087481-40-2019-8-13-0024---p--12601-12700","fb277ce4-3754-44c5-8e47-a9cf77a48817"
"119497678","ARTIGO-TrayectoriasDesafiosHistoriografia","93171a66-e875-44c7-9eee-20a33aec7ceb"
"119895522","Os-advA-rbios-graduadores-na-fala-rural-e-na-fala-urbana-de-Minas-Gerais","0e995f7d-412d-4bb2-ae45-343fb6ee5a8e"
"118593224","2013-LileanePraiaPorteladeAguiar","9dc0675e-b12a-4173-b012-66a9727266bc"
"117075809","maria-lucia-sucupira-medeiros","b2ae7bca-0d64-4416-ac0a-32e39f54c06e"
"118160098","boletimdepessoal-24-outdez-2011","0ba3a431-9beb-4cb6-b992-f759f7ee55b4"
"118193409","notas-de-corte-2013","9c8fd41f-a6b9-4a2d-a9c3-d5ecbf903a58"
"120332650","briolotti01","3695a9a9-b5b7-4e2f-b086-5001aacbc393"
"118116282","2020-tese-acfbonfim","a5a9a93b-b5b9-4820-84bc-33a1dee71c00"
"117505428","UNESP-23-08-2010","529abfd0-12b4-461e-a5b5-927d6209defe"
"120394914","DissertaAAúo-Bruna-Caroline","41f36ef3-3806-483f-bf83-451bbbb4d099"
"120396261","--DISSERTAAÔÇíAãÆO--MPN--","966cc69e-b47b-40da-8c3d-e0e9b53cfa8e"
"117894199","2017-tese-dpcbarbosa","b0814169-3a39-4c3a-b606-a413540f47e9"
"118224467","Org20demo20v11,n220_2010","b81fbab5-c4fc-4eb7-9181-3add9191aef3"
"118107501","2019-tcc-havrodriguez","048ada7e-fbed-4ffc-ab09-94458840b717"
"117899171","2018-tese-asmatos","f29647db-62f9-4b0b-8634-4113682232c0"
"120635205","MarAa-de-Jorge-Isaacs","6d61e69c-1b3b-4043-bc3d-4c543418855a"
"117599785","2013-tese-casouza","4cedea79-9174-4ed2-9c9f-30d9b42a39ad"
"119203940","2018-BrunoMirandaHenrique","f4f1d8b8-765c-4758-bab5-39b78616e032"
"117604693","diseno-bidimensional","3dbac60e-669f-451d-8baa-146904291aa3"
"117608656","estudo-de-caso-fabrica-de-doces-exercicio-de-custeio-variave","1d89be9b-918f-4e77-a769-faab379ac3b2"
"118774700","2018-SilvanetePereiradosSantos","c37a06ae-7b40-499e-bd6d-67032be65a88"
"117796982","palinotecadigitallista","b2ad239a-f36b-4a86-bbcb-dbedba75e1fe"
"117257904","Alexandre-Palhano","6ab79d37-19e1-4b66-8317-8da4214a984b"
"118774674","2018-RobertaSimAÁesNascimento","193c7b1f-18bf-44f6-8363-c14aab410079"
"117589849","Aula2-ProfRezende","46ee1ddd-cb28-4908-ad79-193bbfa313fa"
"122485589","D-Watt","3c27b082-d99c-492f-bcda-f9ac94a5be9c"
"117610678","2014-tcc-jobrasil","36018edb-db73-4766-96b7-2c95c096e590"
"117597569","Cap03-TiposBasicos-slides","934c3adb-9b02-4cd8-b48e-131b6f841b4a"
"118160087","boletimdepessoal-13-janmar-2009","ba0bd74d-e861-4de6-bd79-39c0e86f46a9"
"117158525","107588","568c3337-934f-4927-bbc7-001b443b879a"
"118105425","2019-art-jloljAnior","484882c8-58b0-4442-bcd1-dc0a5f0a53aa"
"119027807","2010-BernardoSouzaCordeiro","a4943c22-aa3f-449f-9698-4131917038f3"
"118634259","2016-JosA-LeonardoOliveiraLima","44ed2b5e-73c9-471d-8367-7f4040e22698"
"118711589","2018-BrunoMirandaHenrique","f4f1d8b8-765c-4758-bab5-39b78616e032"
"118712137","2018-FernandaMonteirodeCastroFernandes","433cb49e-1edb-43c3-affa-54cc4f7d9dea"
"118230388","prim-chamada-unesp-enem","57f6c589-47d2-4225-b478-b6983f663083"
"117809871","studium-20","5af1dc5f-482d-4204-b8a6-7f597c12b781"
"117158553","135156","9434a849-392a-4613-ab9b-cc51ebd242e0"
"117962511","coeficientes-k-y-ld-para-calculo-de-tuberias","12d2a202-6396-496d-88c2-ab78d8a55d91"
"118813197","ARTIGO--InterdisciplinariedadReferenciaIndispensable","3c7a9449-6a99-4c29-96ca-35dc9450702d"
"118051947","espera","6ac1aef4-d910-41d9-a0ad-f9289542b155"
"119835808","o-mito-da-modernizacao-pelos-trilhos","6765a7b5-75fb-46f0-8872-faa0a7cea88d"
"120776139","o-mito-da-modernizacao-pelos-trilhos","6765a7b5-75fb-46f0-8872-faa0a7cea88d"
"117634954","Prova Secretaria de Educação do Estado do Ceará - CEBRASPE - 2009 - para Professor - Língua Espanhola.pdf","6be647f0-6b98-4396-9862-4866a983056f"
"117627960","Prova Companhia de Processamento de Dados do Estado da Bahia - IDECAN - 2015 - para Analista - Processos Organizacionais.pdf","9bcc332a-9dc1-49f2-97ca-e52cef319b1a"
"117632234","Prova Secretaria de Estado da Educação do Distrito Federal - Instituto Quadrix de Responsabilidade Social - 2016 - para Professor - Língua Espanhola.pdf","e0217aa1-9bec-4762-910a-d3366c2e8834"
"117797853","pendencias-35","59a6428d-3a8d-466c-96b8-b107e9e4a813"
"118051324","El-Plan-Colombia-la-iniciativa-regional-andina-hacia-la-guerra-o-la-concertacion-Richard-Buono","130470d3-5731-42c3-b464-95615e6abb67"
"119647536","CiAncia-Semicolonial-Tese-Marcos-Calazans","ae76b271-4ea3-425b-a1a1-0ff4262833d9"
"119647547","cn112ae3","44146ef1-a402-4e19-bcfd-e5bc25b4edde"
"119707506","D04A012","93326e77-f3fc-4d17-a0f3-f5b52c60381f"
"120828517","Teses","fbe9ec8c-5c25-4f91-83e4-e6988f902dee"
"122435486","Tese-de-2017-Rodrigo-de-Carvalho-Niple","a343522d-5f69-4048-b30b-cb65ba3b3159"
"119034787","2012-JoseNelsonBessaMaia","4ee379d1-e733-4fee-b645-f4eac2f18d16"
"117798468","portaria-n--71-de-25-de-fevereiro-de-2009","cd91aa7b-ce0f-4e85-a33f-37d716a78ff8"
"117684456","Prova Pref. LajesSC - FEPESE - 2013 - para Professor de Espanhol.pdf","047d7142-d496-4381-90e1-cfd6899b3cec"
"120320617","5010709-36-2019-8-13-0024----p--8801-8900","53c68afb-27f2-459b-9f94-cf6ea8a0a4cd"
"120320891","5010709-36-2019-8-13-0024----p--3101-3200","088c61d2-ac43-4e7e-99a2-4bbe107c010a"
"121138453","V-WFME-bettega","36643c97-af4f-4814-a889-7ea3814f2b2c"
"117280679","aula-magna3","338765e5-951d-4b13-a495-92920077ecb3"
"117783134","Prova TJRS - FAURGS - 2012 - para Analista Judiciário - Engenharia Civil.pdf","853b47bc-51b9-4d3f-9472-a2341d4637c0"
"117306518","DESidades26-1","17696880-4c46-4ba6-ae75-f163c97ea3c4"
"117592437","aula-Sel-Comp-Mod-IML","1f4e4768-0c14-4b79-84c3-4d354ad56b8f"
"118780231","2021-CristianeFrancelinaDias","057fa235-90b4-478c-859c-aa4cb7ac0cd8"
"117602426","Prova Secretaria de Estado da Educação do Paraná - Núcleo de Concursos - UFPR - 2007 - para Professor - Língua Espanhola.pdf","d1315071-0299-4042-ad24-758d64b6b018"
"119035256","2012-RonaldBeloFerreira","960ffa1f-5c0c-4827-babc-2d67fcb8910d"
"117500358","TDSE64esp","78e3e358-0f98-4077-b1e6-f7833322b07f"
"117896007","2018-dis-jpmfernandes","96b1c45e-dc91-4f9a-8ddc-0970cb9ff8f8"
"122850588","artigo-Rojas2007","848be006-0f31-4524-a9d5-bb54b7faa6f2"
"121137791","TH723-05-Residuos-solidos","131be9ff-d6e4-4e27-acac-1d9d31c18e6c"
"117564522","2021-06-22-190015-livro","462f531f-52c1-4396-8ab0-75c0259d2be1"
"117799650","Quixoteguatemala2","a165f3b3-ae11-4038-9583-55ff35d6777b"
"117745151","Prova Pref. PalhoçaSC - FEPESE - 2012 - para Professor de Espanhol.pdf","1b844717-2188-479c-bd43-f2e94368ecd0"
"118853767","CAPITULO-ReposicionamentoFarmacoRimantadina","e05aafa8-de77-4f96-84c4-8777d504d8bc"
"121689430","Anais-do-XXVII-Congresso-Brasileiro-de-Neurologia","5a06a7f3-14e7-4866-85a5-6a0c34a28031"
"117956148","BR-APESP-BIBLIO-CPEF-REL-1914-JUN","9f055b3b-138d-43de-b90f-37ad27876f99"
"118701705","2016-RosanaGonAalvesdaSilva","2170225b-7901-4625-b4c1-fcaa4293944c"
"117796170","O-EDIFICIO-TEATRAL","7e217c92-81cb-4580-8c74-b5aac1e51edf"
"117066067","ementas-atualizadas","7f0c1b02-72b0-416c-93ea-87a20f4d7e0e"
"118631625","2015-CatherineAlianaGucciardiGarcez","f88a0127-0f66-43a5-80c9-ca304741c523"
"117893236","2017-tcc-cfasouza","a1ea0565-0900-48aa-99e7-ed31a7a00398"
"118581884","2009-MicheleDelarmelinaReisBorba","66b7ba99-1699-433d-83fb-3d32eef1d25c"
"122435800","221-21","2008d596-e274-4a97-89ff-d1fb8bd9cbce"
"118192555","mapa-de-salas-direito-20172","57cb9b75-9792-4220-a989-73cc385f23a3"
"118201626","Metodologias-de-Projetos","d91f00df-caa5-43d4-a1b9-737305c3892c"
"119717086","disserta--o-daniel-peifer-bezerra-2014","428ac0ec-238a-45a6-80f9-c0b68e150d7d"
"118794609","2022-KathleenDamarisChamorroPablo","661ef590-6e63-489d-be01-692ec8b3901a"
"117611240","2014-tese-rsyoung","3a876254-8f62-427f-a538-8140ae686465"
"117586448","artigo300Artigo6","f5c0675f-987f-4d39-892a-19234661f8a5"
"117722690","Prova Pref. MessiasAL - SELECT - 2009 - para Professor de 6 ao 9 Ano - Língua Espanhol.pdf","cf470a01-ee34-4194-a066-c55122ab597d"
"119607471","0223","7dc02136-3036-45bf-8819-c2259dd26976"
"119495353","docs-dissertacoes-Omar-de-Araujo-Esper---dissertacao","285d3f0f-15a4-49e8-ab60-fa4fe1d58add"
"117280728","aula-zeros-slides","c651cc71-8d8a-455d-9f5c-e42a24037f1b"
"119073934","2014-AndreMacedodeOliveira","b0aefb14-8e5c-4306-ae5e-d3f17eb7c31a"
"117731454","Prova SEMAD - Pref. BiguaçuSC - IESES - 2013 - para Professor de Espanhol - Ensino Profissinalizante.pdf","33487fe4-1471-4d59-a719-f09d47bf4caa"
"118813108","ARTIGO-ImportanciaArbolesPlanificaciOn","d9845feb-be34-4248-89df-e31102a2eb8c"
"117767361","mc542-A-03-2s07","0ad9b08c-b43f-4688-b282-c5f0de924374"
"118532557","2006-CinaraGomesDeAraujoLobo","2a478d5b-365f-4325-9d43-e4d565dd13b3"
"117759505","LEP-29","a04b146c-9bcd-453f-a675-07da4a9364d8"
"119415123","2021-CristianeFrancelinaDias","057fa235-90b4-478c-859c-aa4cb7ac0cd8"
"118859183","LIVRO-MensuraDasomA-trica","c7feaada-4f8f-4b9d-a501-16ec2fc6d5a7"
"120962954","Flavio-Basilio","50130a3d-60f2-4261-bcb9-960c5f4c1f7c"
"121841357","ValdeciS","2648dd0c-6974-453e-9084-6b1cf981d2f3"
"118861545","dout-tese-061","dfdfda9d-6a7a-429a-b257-8ebc23e34816"
"117730729","Prova IFPE - IFPE - 2010 - para Professor - Espanhol.pdf","306f5f2a-9eb3-417e-aa6f-55082207bc56"
"117713678","Prova Pref. São José do CedroSC - AMEOSC - 2016 - para Professor de Espanhol - Não Habilitado.pdf","df6d70d2-df24-482f-b408-911d7757c302"
"118633744","2016-DyegoAlvesdaSilva","e07dd4bf-4eb4-4fcf-a306-2a538ee8982a"
"117500352","TDSE18---espanhol","337063b4-9b24-4b65-9b6b-3237da38a40e"
"119153688","2016-DyegoAlvesdaSilva","e07dd4bf-4eb4-4fcf-a306-2a538ee8982a"
"117306416","dd-v-9-n-1-laura-pautassi","427c30f6-c491-4fc1-beca-ea998968909a"
"121687842","414","fc55efba-8f75-4976-bd47-5a6febb4e96b"
"118146106","2022-tese-jlcrocha","ef679dde-e8db-421d-a4c4-f8883850e14b"
"117493399","Raphael-GuimarAúes-Duarte-Pinto","762f208f-a80d-42dc-8d22-6489d5105f68"
"120829565","VocabvlarioQqichuaDeHolguin1607","3fd3362b-cd14-4ff9-be93-660350447a0a"
"117952717","artigo12-v8-n2","a35edb69-7f4a-4807-bce1-496bb7a87341"
"117798850","programa","4497a309-b720-448e-931b-55910f39c71f"
"118105061","2018-tese-mcamelo","1d3e14d6-5676-4988-846c-c0dba6a99bb1"
"119028582","2009-LiviaPennaFRodrigues","e1a1c9ec-e43e-4c61-8f52-610b701addf2"
"118777402","2020-CristianoVianaCavalcantiCastellAúoTavares","5afb8a0b-73fd-487b-ab2f-0ceca870b34a"
"117809876","Studium-32","37d64dbf-99f6-4332-9956-adfbc9c3d58e"
"118550308","silvana-mendes","0a7040c0-aed7-4455-ac1e-548a0203c349"
"118553315","texto-final--carlos","6b66b299-e30d-48cf-aa37-2bfbb46ccc38"
"122374368","MLC","7a7d5e2e-4cae-4dc4-ad8d-7eab3762ad0f"
"121841717","XXVIICongressoIniciacaoCientificaTecnologica-2016","b65451df-d55e-4ff3-86dd-2580cdd457e9"
"117496527","RRPO---A-110","36fb8922-587e-40d2-a1ce-8d0b2e109874"
"117865037","149-727-2-ed-corrigido","afdfdf4a-871a-4a90-9e5c-0c9daaff7a7a"
"118378797","La-comunidad-andina-en-2005-al-borde-la-de-ruptura-Carlos-Vasquez","e2138208-f697-4a8d-b797-91c0835c2e06"
"117252574","865192","51b51879-810a-4190-98ee-5dd316fa10d5"
"118551871","tese-caca","2735e9ba-a2ca-4c49-86de-230e45befe71"
"119427010","2022-VictoriaAlbuquerqueSilva","4ebf5b05-40fc-49b9-a486-aa87317eb545"
"117801024","Relatorio-2-Fase-site","c1553aeb-26ce-4077-8d81-1734cd1195e4"
"117167842","656556","3e301f0a-3079-4f5c-9195-d8988d0b694b"
"118376990","juliana-gama-completo","78aae0d2-275c-48f0-a346-6fddd85db54a"
"117498619","SINTEFARMA2010-1","f864f428-b18e-40ac-9d7e-0e1051389975"
"117764786","mandato2022-2024-grad-discentes","3cee7695-49dc-42f7-a7ee-80a3e67f0322"
"117913555","Anuario-de-la-integraciAn-2010","16e0abee-f5be-4c60-aeb4-b831ee3bacab"
"121742914","MulheresPolAticaAutonomia-Rabay-2008","93f3e99f-2f28-4a96-8ca9-6fdbed47e4a8"
"117618720","Prova Tribunal de Justiça do Distrito Federal e Territórios - CEBRASPE - 2008 - para Analista Judiciário - Enfermagem.pdf","9edfff49-f352-4175-826f-1aea85097359"
"119202989","2017-NelsondeAbreuJAnior","eea2471a-69fa-4e1f-b618-db9caa6241fb"
"120827111","tese-adriano-final-5-definitiva","27f02663-1150-4d9e-9a86-4b68fe49d23c"
"118793426","2021-SaraLelisdeOliveira","5987bee0-817e-4ade-9ea8-05c0cd8f098e"
"117616217","Prova Secretaria de Estado da Educação do Distrito Federal - Instituto Quadrix de Responsabilidade Social - 2016 - para Professor - Japonês.pdf","9bfd4b9b-3cd0-4789-802b-841af350f945"
"117619952","Prova Instituto Federal de Educação, Ciência e Tecnologia Fluminense - CEBRASPE - 2017 - para Professor - Língua Espanhola.pdf","01c22e12-b1bc-414c-9a1f-0b99f3612edc"
"117250330","838938","1a0bcca2-d014-4bd9-abca-d7b3d2a0d9cb"
"117252420","859534","dcbe5f67-624d-4102-bc00-209ba77b7ecd"
"118379123","La-comunidad-del-Caribe-en-la-encrucijada-Armando-Koll","9413aa66-80d5-4188-9a08-ad957f4fa291"
"117714268","Prova Pref. GuaratinguetáSP - IAN - 2016 - para Professor II - Espanhol.pdf","0ef9fd9f-aa6a-4f65-8c8f-ddb98aa09bc4"
"118076659","fabiana-saito-completo","02fd2966-606c-4515-abb6-673f4e694bef"
"121688901","aid-ingles-1997-2010","18152c6a-7c2b-4cf8-99ac-d94090655ff9"
"118703202","2017-RaquelCarneiroDAÂrr","cde222bf-2cf2-48ae-8e86-4ee78a3e9245"
"117107060","PRODINTELEC2010","4035ed6c-f49a-4c65-8821-e9b8c0ef44b1"
"117155286","990","3804322d-2695-4882-8a77-3719a34a80de"
"121744239","PauleanySM-TESE","8943c480-e45c-47c4-8517-64c08cae04e8"
"119203445","2017-RaquelCarneiroDAÂrr","cde222bf-2cf2-48ae-8e86-4ee78a3e9245"
"121110488","pdf-es","fa29834d-e57c-45f4-a2a2-20822b55119c"
"118581419","2009-MarcioAndreVerasMachado","6c49e2aa-960c-490d-89c8-85af9bd5a22d"
"121743023","NaturezaMulherNome-Boschemeier-2010","3a5789cd-fe96-4de9-87c6-c4638761200b"
"122433253","125-2016","4af8a318-6f6e-49f8-8473-a198d9091d31"
"118702701","2016-ThaisMereMarquesAveiro","974f285c-965a-4fb4-88cd-dc2fe641a28b"
"117347031","FAíbio-Hideki-Sakatsume","33b418c2-17c7-40f8-bb38-9e2b5a2c2798"
"120331934","alexandra-dias-moreira","afefa28b-dd0b-49ed-accf-42f610821eb4"
"120335571","D04A012","93326e77-f3fc-4d17-a0f3-f5b52c60381f"
"117592472","aula-tabelas-de-contingencia-parte-3-ADD-1S-2017","f8c33cc6-1557-49cd-96c8-528713d81306"
"119154002","2016-CeliaAnaliaBorbaVargas-tcc","cf067e61-9a5d-4d71-b9e7-2bec47ffaf84"
"120331964","A-Belo-Horizonte","5dd2ea25-fcac-473e-b1a7-98bc6b7f8782"
"117252465","855961","f0320dfc-1a3a-41d2-a8ee-acc1187f8540"
"117358113","indicadores-gerais-2019-1-trimestre","d0a5873d-30e7-4389-aa98-b404f3fff7c8"
"117888180","2016-dis-daperes","3229898d-dec4-4efb-8879-ffbe50762ab7"
"117350567","Francielle-Mello-de-Carvalho","45036de1-1cea-46ea-a44a-6c54b31ad786"
"118812918","ARTIGO-CateterizacaoAcidentalPlexo","0736cf2b-3fc5-48c6-be86-b1bd8870cb8d"
"119073207","2013-MarcosVitorDumontJunior","7c8484b7-980d-4a50-9d58-b26809b500a0"
"118617871","2013-NathandosSantosDebortoli","f17c42e8-f3d8-40f2-8479-e18a1965f117"
"118378973","La-Triple-Frontera-terrorismo-o-ubicacion-geografica-estratA-gica-un-tema-para-el-debate-David-Dieppa","168ecd27-c139-4376-b66a-a481cd56fd57"
"120395455","DissertaAAúo-LetAcia-Azevedo","b95517b8-3bac-40e2-bcc9-8a4b96ccf2c7"
"117250350","838671","1d4116f7-3700-43f4-8042-ccf73d9295a0"
"117800814","rcs10-fundamentos-visao-externa-v03","bc557942-6e0d-4167-bc21-e21d5417c7ec"
"117675889","Prova Empresa de Tecnologia da Informação e Comunicação do Município de SP - CAIP - 2010 - para Técnico - Incidentes.pdf","42d592e7-2ab8-42e0-9778-aa505025311b"
"117711251","Prova Tribunal Regional Eleitoral de Minas Gerais - CONSULPLAN - 2014 - para Técnico Judiciário - Administrativo.pdf","b7b20cf0-8ae0-45ce-9717-08108fcb88eb"
"119636813","4466","f6c6e34d-1ffd-4822-b68c-fe62542b2174"
"119125514","2015-DanielMendesPereiraArdissondeAraujo","1158f534-de75-435f-8509-679cd8dfb4d8"
"117649509","hh775a","7277d942-409d-4615-897b-ae35b2c8e034"
"120372099","tese-finalmente","c47a0ce4-edb5-4f30-8269-6fe70575e10d"
"117952855","artigo34-v8-n4-p173-182","97084c20-c15b-49f3-8283-718d189a42a6"
"120321429","5026408-67-2019-8-13-0024---p-7601-7700","ad86100d-2c45-43ff-88c0-a842fc534852"
"121449832","WEG-Manual-de-Instalacao-Servomotores","1ed614ad-5ffb-412a-8725-e5e3a98180bc"
"119154369","2016-IoneidedeOliveiraCampos-","2381f2cf-38ca-4bc0-9b71-96938ae9db65"
"117503712","Tese---Maria-Jose","d26eb17a-6d8f-4d99-8b30-705499b5e5e0"
"117504308","Ton-doutorado","361a3735-522f-4aa5-8546-c479a8945b7f"
"119416867","2021-PamelaElizabethMoralesArteaga","53b0bcb8-1b61-4428-9c19-b0e5bba620ba"
"118571789","ValleyMag-scr","6c60494f-6ead-4e7b-aea7-5c24a64534f7"
"118160114","boletimdepessoal-06-jun-2012","0e4ca5e5-500e-455a-b1ea-1092165b6aec"
"117898727","2018-tcc-mtloliveira","a0f891a4-c9ca-4ef0-97dc-e2d880fa8563"
"119608044","587D","a62e2c21-84b8-4193-a0a3-5e4232ee6ed8"
"119397174","2019-LorenaDelPilarPeredaCArdova","8ae80697-cbe4-4688-8542-9513df47447b"
"117771716","modelos-deporte-esp-iglesias-tarrago","970dcc66-beba-4aae-99ed-8b5cfdef28fc"
"119124740","2015-ClAíudiaRodriguesMafra","2e22763f-3e77-4dca-8ff4-1fcc384b0071"
"120792364","raquel-wolff-cabala","41f2fbee-4b5a-44a3-ab1f-54a46f707353"
"117486164","potencialidadesdelhidrogeno","28c4a16b-f893-404e-948c-f37a20b129ec"
"118225027","pactoandino","38e19a1d-762b-46a2-95ac-f91eda1820ae"
"117171480","804152","1a39083e-d9fb-42cf-be31-c1e98d968563"
"120449101","disserta--o-daniel-peifer-bezerra-2014","428ac0ec-238a-45a6-80f9-c0b68e150d7d"
"117500206","TD94","d2df84cc-9d57-4116-b99b-5a7dcb07fde7"
"117504438","2013-dis-fspregadasfilho","6c56ae65-db2d-4247-92da-97299d6e8658"
"119395335","2018-RobertaSimAÁesNascimento","193c7b1f-18bf-44f6-8363-c14aab410079"
"118035804","cv-cristinealberton","a9bfa5c7-4782-4c2d-84d2-77e0c240a2c9"
"119427437","ARTIGO-ConvergAnciaPoliticasPublicas","5768d2e3-8cfd-49dd-93b2-04372c0849bf"
"117583248","acos-congresso-86","a4888452-b288-4a89-9ac1-570e3650476e"
"118144914","2022-tcc-vsfsilva","a29e7bfc-b14d-4a6f-9d70-93b83f833d3a"
"118591233","2012-MonicaMontanaMartinez","4325f161-b734-48e6-b0d3-f5c9ec2e5438"
"117250298","838034","56f564ff-651d-4a24-90d5-7407e09e9138"
"117251136","839025","f7cace6d-2e89-4297-a404-e2ecf97abf6f"
"119497007","lista1-gabarito","f2614f94-bf1d-4cfc-a65a-1072a3d02ffa"
"118052134","equipamentos-de-pesquisa---ibilce","ca6fc72a-1c1a-4205-8398-f69fdc8905fb"
"117713658","Prova Pref. Tibau do SulRN - CONPASS - 2015 - para Professor de Espanhol.pdf","4c9a93ee-934f-471f-8f2a-e07af8f97f24"
"118082004","graduados-engenharia-eletrica","2fbdeddf-a67a-4dc8-858f-a409612214e2"
"119396976","2019-HelaneAraAjodeLimaMoreira","731e8187-8401-4d02-974d-046c3942867d"
"117080153","projetos-pic-2011-2012","db76f21a-ad8a-4789-8845-a211dd010ae7"
"117772031","Multidimensional","6b889649-a78a-4e9c-937a-3adc34382b74"
"121840775","v03n04art04-campuzano","aa3c7890-2f01-4f42-a16f-b624f290eedb"
"117491262","2012-DIS-EGRESENDE","9d15cab3-60ce-4783-b5df-7d250aab2401"
"117506268","Walther-Daniel-Pietro-Sanchez","171faa7e-598b-4ba3-acbe-3832bb504578"
"121745135","PrAíticasCorporaisCotidiano-Souza-2014","5c457758-fd05-493b-90b0-a1ff40d2ecf9"
"119427937","3010","29c9f635-1f2f-483a-a2fd-5b6b5550d0f5"
"117772360","Nicolas-Carrera","b557c3da-51ab-4937-baf4-845976a429bf"
"117895631","2018-dis-assampaio","09e8d6ff-2bc9-41aa-b2ba-290b66d9fadc"
"118147398","amoura2008b","b9c0862e-08e8-482a-889d-11420e42848a"
"118633731","2016-DinorAídeCastroGomes","e2315557-5822-43b4-b6de-f2de9cab91f1"
"119395616","2019-CarolinaCarvalhoGontijo","651e7b83-d6c8-4347-ac90-013d123ed2fd"
"119708055","D10A005","110af89e-8185-4ab4-bca9-095374659320"
"117849347","6artigodomes-2009","dd39964e-2faf-49d5-a3b8-7cabe7930596"
"117850623","7-Algebra-Relacional","91c4059f-fe1f-4410-8cda-6b42cd2a403b"
"120828116","Tese-AÔÇricaSarsurCAómara","56ea6ba7-eeb0-4910-975c-9c969f76f17a"
"119028454","2010-JulianaMariaSernaRestrepo","8d9dc066-cbc6-4e14-8c5c-ffedbaf31561"
"117850291","12artigodomes-2012","d2b7ff88-d6ed-4d76-ad91-456710645614"
"120777099","Os-advA-rbios-graduadores-na-fala-rural-e-na-fala-urbana-de-Minas-Gerais","0e995f7d-412d-4bb2-ae45-343fb6ee5a8e"
"118051930","especificacoes-tecnicas","3f983b38-3b9f-411b-96f7-ae7e45ca230f"
"117850520","11artigodomes-2011","af4138f0-d1e3-4b1a-ac9c-18aff3488977"
"117654364","Prova Colégio Pedro II - Colégio Pedro II - 2019 - para Professor - Língua Espanhola.pdf","858889aa-4d0c-4224-8dc3-22f000fee18a"
"120150761","Tese-final--Neusa","7c1302d1-b87e-49d0-90f7-4bfae80c7ffe"
"118571995","visoes-do-sul-vol-2-ebook","52c16e85-fa4d-4d1d-891d-980e2279db3b"
"119768610","Filogeografia-genAmica-e-hibridizaAAúo-em-tartarugas-marinhas-PARCIAL","8f515608-7f86-41ce-aa99-77a506612f9b"
"117956044","BR-APESP-BIBLIO-CPEF-REL-1907-JUN","31ee18db-435a-4048-85ca-e812990aa4e3"
"120332043","apostila-octave-2018","bb4db4f8-f97c-439a-b36f-ef48bb85f50e"
"122438001","REST-6","d6a8254f-4732-4207-8b8b-09696589bba3"
"117561828","2014-07-01-livro","c768be6a-f4e4-4358-ad86-e8423f715753"
"117607313","eficiencia-energetica-politicas-publicas-e-sustentabilidade","d700c6ef-4218-48aa-a757-893f7969d161"
"118712588","2018-MariliaTeresinhadeSousaMachado","02f9a53c-5c17-44dd-8d5d-53fd3c3da03b"
"122433335","195-18","b35a72e8-865d-4eed-be04-174aee92c808"
"119426950","2022-SamyraEspindolaLima","0f541405-0cbb-46c3-b7a3-23dc7480e982"
"121136379","t275-0323-D","194e250d-c88d-41b5-9414-f9627d26a710"
"118582347","2010-MariaZildadaConceicao","a83abb98-bb86-41df-8ae1-c38270436cdf"
"119736145","disserta--o-nathalia-roland","5dd5a2c3-8254-4830-8245-d8c624f1e527"
"119497840","bbcert10-008","cae0ab95-c96b-4296-8afa-1ee0e418e82b"
"117607341","EITAM5-paper-13-LozaA-pp-179-189","b32b5133-0d13-452c-bccf-b09a33caadb1"
"122145743","artg7-3","26e0f518-eeaf-4cbb-99db-6604d534f09e"
"117497242","RRPO---B-226---retificado-2","1c54cd0a-2976-4749-8adf-277c81a6d79e"
"120373294","teseismarcapistranocostafilho","a52d928d-c0ca-41af-ac23-3b5ea2af2e00"
"118051124","eide2018","d8a7fa0d-1c53-4ab9-b01e-cbddca075f34"
"119144334","2015-VivianaGoncalvesSilva","547dade1-bad8-466d-871f-14765d72966d"
"119428409","ARTIGO-AcercaMujeresllegaron","dd3f4327-5dc4-4e8a-a509-87ffbe486e57"
"121137569","Umberto-Antonio-Sesso-Filho---Joaquim-Jose-Martins-Guilhoto---Rossana-Lott-Rodrigues","71b8a654-ba80-4513-8098-feff5e2a5c4f"
"118224755","os-parasitas-de-ovinos","11dab537-f711-4c14-8127-99169651354d"
"117629833","Prova Assembleia Legislativa de Roraima - CETAP - 2010 - para Médico cardiologista.pdf","d7de85ea-d391-4da6-b222-36776244749c"
"118382301","Marcadores-sociais-da-diferenca-e-repressao-penal","6540f965-26ee-4ed1-9b6c-10a0a6a65f04"
"117759133","JUNGBLUTH,20P 20201020IBt","6e3a6ab7-5c4a-4c47-a7c1-0623dda2f231"
"118160118","boletimdepessoal-23-julset-2011","e450a3c0-e2bd-4dcc-9278-ca75ae6aa5e7"
"121697151","BONATES-Mariana---DISSERTAO---2007","e5bedda1-24e1-4bea-bdfc-7613de42c8ee"
"121732678","MarianaFB-txt","2c6fb641-e82e-4393-b46c-e16542e76ddd"
"118581984","2010-ClaudioTadeuCardosoFernandes","ba71cd74-cce5-4745-98fb-30b6751974b3"
"117807215","Resumos-Congresso-Joao-Pessoa-052017","51667e71-1168-4724-bb39-cb2b4533b6ca"
"122346230","artigo02-2015-2","695aa025-e6be-48aa-b78f-43df9f03f7a2"
"118858962","curso-formacao-preparacao-ppc2","b38acef7-16a7-43ac-a645-c21bfe406258"
"117299419","Caderno-resumos-SHIALC-versAúo-final","79479583-4557-46dd-ab63-c859d70298ab"
"121113972","re-2002-araguari-2","32d1eae6-bd86-481e-9a7e-b74454aa8033"
"119125345","2015-CleidsonNogueiraDias","3c34f73e-b904-4cdb-8281-fd5dad65ce19"
"117616081","Prova Prefeitura Municipal de Matias Olímpio - Fundação Cajuína - PI - 2010 - para Técnico - Incidentes.pdf","9d0f9e03-ab01-4b3a-97bf-cdfd450bf69e"
"121730071","IdeologiaCasaPrApria-Bonates-2007","c4193920-389a-4fb4-ab43-dfa605c33490"
"119417102","2021-SaraLelisdeOliveira","5987bee0-817e-4ade-9ea8-05c0cd8f098e"
"119636829","4680","b218225b-074d-4370-b46a-1bb758ee4b05"
"118703659","2017-NelsondeAbreuJAnior","eea2471a-69fa-4e1f-b618-db9caa6241fb"
"119416564","2021-MarisaUtzigCossul","94e4c139-fe3b-4802-b147-3e7300a45cf5"
"117810538","tabu","4b33a660-0bf7-4135-915b-caa612710ed7"
"118118896","2021-tcc-rsjsouzajunior","466e197d-1a5d-4d9a-b68a-b13b50fb1aa2"
"118039846","divulgacao---processo-permanencia---veteranos","6f8b1a5d-1084-408e-a64f-5d6a0c108373"
"120447333","disserta--o-nathalia-roland","5dd5a2c3-8254-4830-8245-d8c624f1e527"
"119607876","1245M","7ea5682b-70bf-403f-a22b-c1354b89d3ba"
"117673396","Prova Pref. Tabuleiro do NorteCE - PRÓ-MUNICÍPIO - 2011 - para Motorista D.pdf","3fd0c1af-f494-4cc8-a2a3-87a8c11e716a"
"120246133","1245M","7ea5682b-70bf-403f-a22b-c1354b89d3ba"
"117107074","PRODINTELEC2016","3eb6bb43-47a7-4bbf-a51f-b4a8c0839dba"
"117899218","2018-tese-ebsousa","f4ba850a-996e-46cc-aa78-a9324ee2d81c"
"119143524","2015-OscarRodrigoPessoaBorja","3e1df5a8-dd5d-4208-a990-ba641aceccad"
"117167749","613532","5a3fccb3-e1f5-4288-bb06-976459ba894b"
"119715151","DissertaAAúo-LetAcia-Azevedo","b95517b8-3bac-40e2-bcc9-8a4b96ccf2c7"
"117683451","Prova MGS - IBFC - 2015 - para Técnico Superior Profissional - Auditoria Médica.pdf","ada01218-0439-4d1e-be77-a410620b5881"
"117486341","producao-de-hidrogenio-a-partir-da-reforma-em-fase-liquida-do-glicerol","64ded9d8-bde1-4d4b-80d1-97fcdf3bfdcf"
"118107536","2019-tcc-iccampos","141858e1-149b-42b1-ad0c-b170ec7d58ea"
"117895129","2018-art-idsnunesmagrilo","406dc3c2-5aad-407c-9541-c5ce3bea9c51"
"119498702","Diego-Alonso-Reyes-Pabon","57121785-ccfc-4799-93bf-ecd2713a6801"
"119647505","claudianefonsecarodrigues","0607d278-a383-451a-8983-385f505ca741"
"117300482","carbio-set2015","b5d8d866-85ef-4acf-93ef-d65adf9463bb"
"118571075","unesp-presentation","6d3461ff-03b3-41c3-95a9-b46e52c7b309"
"117798288","poo0905-padroes-projeto-v02","27563a16-509a-4d4d-a7ad-bc6aa41f19fd"
"117723629","Prova Pref. PenedoAL - COPEVEUFAL - 2010 - para Professor de Séries Iniciais.pdf","929dd846-dd81-4880-a62d-00446bed0a18"
"120634749","lista-parceiras-31-3-20211","b7426c5e-4572-45cb-bb25-824a82750b15"
"119443661","VESTUNB102-001-2-OCASO","8c50a6a3-5326-42e9-a323-2cc3f6d14c09"
